{
  "id": "",
  "name": "",
  "font_family": "iconfont",
  "css_prefix_text": "icon-",
  "description": "",
  "glyphs": [
    {
      "icon_id": "1306",
      "name": "购物车空",
      "font_class": "gouwuchekong",
      "unicode": "f0179",
      "unicode_decimal": 983417
    },
    {
      "icon_id": "1509768",
      "name": "搜索",
      "font_class": "search",
      "unicode": "e67c",
      "unicode_decimal": 59004
    },
    {
      "icon_id": "9712644",
      "name": "向右箭头",
      "font_class": "xiangyoujiantou",
      "unicode": "e6b0",
      "unicode_decimal": 59056
    }
  ]
}
